source_file	target_asset	guid
Assets/MapGenerator/Presets/Biomes/Alpine.asset	Assets/PersonalAssets/moorestech-client-private/BK/PureNature_FantasyForest/Textures/Surfaces/TerrainLayers/Moss01.terrainlayer	f33efd44298e42059c6f5b467700e172
Assets/MapGenerator/Presets/Biomes/Alpine.asset	Assets/PersonalAssets/moorestech-client-private/BK/PureNature_Savanna/Textures/Surfaces/Layers/RedDirt.terrainlayer	46a27b9c3aeb4aa1821a1055e9b48831
Assets/MapGenerator/Presets/Biomes/Alpine.asset	Assets/PersonalAssets/moorestech-client-private/BK/PureNature/Textures/Surfaces/TerrainLayers/Grass01.terrainlayer	5b04212e737edf348b9e740425a33787
Assets/MapGenerator/Presets/Biomes/Alpine.asset	Assets/PersonalAssets/moorestech-client-private/BK/PureNature/Textures/Surfaces/TerrainLayers/Mud01.terrainlayer	4085435386ddb064696f7df74be366ef
Assets/MapGenerator/Presets/Biomes/Alpine.asset	Assets/PersonalAssets/moorestech-client-private/BK/PureNature/Textures/Surfaces/TerrainLayers/Sand01.terrainlayer	34eda41d29317ae418f8dcff1e83e633
Assets/MapGenerator/Presets/Biomes/Alpine.asset	Assets/PersonalAssets/moorestech-client-private/BK/PureNature/Textures/Surfaces/TerrainLayers/Snow01.terrainlayer	1918a41aedf6663478b382e1f0186793
Assets/MapGenerator/Presets/Biomes/Desert.asset	Assets/PersonalAssets/moorestech-client-private/BK/PureNature_Oasis/Prefabs/Rocks/DesertBoulder_0.prefab	b8fba5c5c3b64437b26c8caf112e0b3e
Assets/MapGenerator/Presets/Biomes/Desert.asset	Assets/PersonalAssets/moorestech-client-private/BK/PureNature_Oasis/Prefabs/Rocks/DesertBoulder_1.prefab	6702ceda9bdc48e2bf9485d74932400a
Assets/MapGenerator/Presets/Biomes/Desert.asset	Assets/PersonalAssets/moorestech-client-private/BK/PureNature_Oasis/Prefabs/Rocks/DesertBoulder_2.prefab	39effe264c2d4377a8cc17f909c1427e
Assets/MapGenerator/Presets/Biomes/Desert.asset	Assets/PersonalAssets/moorestech-client-private/BK/PureNature_Oasis/Prefabs/Rocks/DesertBoulder_3.prefab	f82028de2f6a4db5a68d1d3342ec8b6a
Assets/MapGenerator/Presets/Biomes/Desert.asset	Assets/PersonalAssets/moorestech-client-private/BK/PureNature_Oasis/Prefabs/Rocks/DesertBoulder_4.prefab	6d18958519d84ab4a00accd99f02dcee
Assets/MapGenerator/Presets/Biomes/Desert.asset	Assets/PersonalAssets/moorestech-client-private/BK/PureNature_Oasis/Prefabs/Rocks/DesertBoulder_5.prefab	b9bbc5fb85264b76a0415e5ec42d7547
Assets/MapGenerator/Presets/Biomes/Desert.asset	Assets/PersonalAssets/moorestech-client-private/BK/PureNature_Oasis/Prefabs/Rocks/DesertBoulder_6.prefab	b2fcf2bfc95e4715ba44946810acd352
Assets/MapGenerator/Presets/Biomes/Desert.asset	Assets/PersonalAssets/moorestech-client-private/BK/PureNature_Oasis/Prefabs/Rocks/DesertBoulder_7.prefab	7737cbf84634435f9ea5f8b1aec72c0a
Assets/MapGenerator/Presets/Biomes/Desert.asset	Assets/PersonalAssets/moorestech-client-private/BK/PureNature_Oasis/Prefabs/Rocks/DesertBoulder_8.prefab	ac4c0a02ae5042d5abd2ab47b6659b99
Assets/MapGenerator/Presets/Biomes/Desert.asset	Assets/PersonalAssets/moorestech-client-private/BK/PureNature_Oasis/Prefabs/Rocks/DesertBoulder_9.prefab	f7416b42274e40898692ddb95c603046
Assets/MapGenerator/Presets/Biomes/Desert.asset	Assets/PersonalAssets/moorestech-client-private/BK/PureNature_Oasis/Prefabs/Rocks/DesertRock_1.prefab	d60c9d2e82cf4114a7b75b977e74e7a2
Assets/MapGenerator/Presets/Biomes/Desert.asset	Assets/PersonalAssets/moorestech-client-private/BK/PureNature_Oasis/Prefabs/Rocks/DesertRock_2.prefab	a36a5d75f71d418b8728e42595064a2f
Assets/MapGenerator/Presets/Biomes/Desert.asset	Assets/PersonalAssets/moorestech-client-private/BK/PureNature_Oasis/Prefabs/Rocks/DesertRock_3.prefab	c862511698cd46e8b262e504a9e3af3b
Assets/MapGenerator/Presets/Biomes/Desert.asset	Assets/PersonalAssets/moorestech-client-private/BK/PureNature_Oasis/Prefabs/Rocks/DesertRock_4.prefab	c76137bbe9e7457e8f837c4a61f782fd
Assets/MapGenerator/Presets/Biomes/Desert.asset	Assets/PersonalAssets/moorestech-client-private/BK/PureNature_Oasis/Prefabs/Rocks/DesertRock_5.prefab	b90e42f67aeb4fc6b997a83f3621b354
Assets/MapGenerator/Presets/Biomes/Desert.asset	Assets/PersonalAssets/moorestech-client-private/BK/PureNature_Oasis/Prefabs/Rocks/DesertRock_6.prefab	77c841b718f64a2a96dfc2e112c68f77
Assets/MapGenerator/Presets/Biomes/Desert.asset	Assets/PersonalAssets/moorestech-client-private/BK/PureNature_Oasis/Prefabs/Rocks/DesertRock_7.prefab	6caef0526b064c59a5b3956ae1de5b4e
Assets/MapGenerator/Presets/Biomes/Desert.asset	Assets/PersonalAssets/moorestech-client-private/BK/PureNature_Oasis/Prefabs/Rocks/DesertRock_8.prefab	b14911a57d544a0aa9c9e2941b16d536
Assets/MapGenerator/Presets/Biomes/Desert.asset	Assets/PersonalAssets/moorestech-client-private/BK/PureNature_Oasis/Prefabs/Rocks/DesertRock_9.prefab	90f6704ffce642a5aab60ce85fc4fa48
Assets/MapGenerator/Presets/Biomes/Desert.asset	Assets/PersonalAssets/moorestech-client-private/BK/PureNature_Oasis/Prefabs/Rocks/RubbleSparse_1.prefab	4d7d03ab6b9b4495bd39daff91139388
Assets/MapGenerator/Presets/Biomes/Desert.asset	Assets/PersonalAssets/moorestech-client-private/BK/PureNature_Oasis/Prefabs/Rocks/RubbleSparse_2.prefab	92ba7f1887ba4e09966ed33e06b5e2ce
Assets/MapGenerator/Presets/Biomes/Desert.asset	Assets/PersonalAssets/moorestech-client-private/BK/PureNature_Oasis/Prefabs/Rocks/RubbleSparse_3.prefab	8f7dab6a27b1492db4de2671438fd139
Assets/MapGenerator/Presets/Biomes/Desert.asset	Assets/PersonalAssets/moorestech-client-private/BK/PureNature_Oasis/Prefabs/Trees/Olivebush1.prefab	4db60b76f414415cb38e593814b833dd
Assets/MapGenerator/Presets/Biomes/Desert.asset	Assets/PersonalAssets/moorestech-client-private/BK/PureNature_Oasis/Prefabs/Trees/Olivebush2.prefab	1daccfd274f9439bb7b537354fc0495b
Assets/MapGenerator/Presets/Biomes/Desert.asset	Assets/PersonalAssets/moorestech-client-private/BK/PureNature_Oasis/Prefabs/Trees/Olivebush3.prefab	9cf5e545a3ce472aac31ad93cfba71dd
Assets/MapGenerator/Presets/Biomes/Desert.asset	Assets/PersonalAssets/moorestech-client-private/BK/PureNature_Oasis/Textures/Surfaces/Layers/MudDry.terrainlayer	4cf9582b60a549a4ba44f2c7bc0750f8
Assets/MapGenerator/Presets/Biomes/Desert.asset	Assets/PersonalAssets/moorestech-client-private/BK/PureNature_Oasis/Textures/Surfaces/Layers/SandFine.terrainlayer	b036a4ae246f4c53acac0a3c254f7e1f
Assets/MapGenerator/Presets/Biomes/Desert.asset	Assets/PersonalAssets/moorestech-client-private/BK/PureNature_Oasis/Textures/Surfaces/Layers/SandLarge_orange.terrainlayer	54a5614b669e4c6bae99669238088195
Assets/MapGenerator/Presets/Biomes/Desert.asset	Assets/PersonalAssets/moorestech-client-private/BK/PureNature_Oasis/Textures/Surfaces/Layers/SandLarge.terrainlayer	c49bc870b5c94923b9d512364c0cc3d9
Assets/MapGenerator/Presets/Biomes/Forest.asset	Assets/PersonalAssets/moorestech-client-private/BK/PureNature_Mountains/Prefabs/Plants/Daisy.prefab	7a40c24b3c5b48ab8ee9e7d67b747597
Assets/MapGenerator/Presets/Biomes/Forest.asset	Assets/PersonalAssets/moorestech-client-private/BK/PureNature_Mountains/Textures/Surfaces/Layers/Grass01.terrainlayer	a0e805ac5eaf445d82724854147ac57c
Assets/MapGenerator/Presets/Biomes/Forest.asset	Assets/PersonalAssets/moorestech-client-private/BK/PureNature_Redwood/Prefabs/Plants/Grass1.prefab	63e885cd370d465c814f441ccfae59de
Assets/MapGenerator/Presets/Biomes/Forest.asset	Assets/PersonalAssets/moorestech-client-private/BK/PureNature_Redwood/Prefabs/Plants/Grass2.prefab	673df8a977ed4c1b81b4ced247767616
Assets/MapGenerator/Presets/Biomes/Forest.asset	Assets/PersonalAssets/moorestech-client-private/BK/PureNature_Redwood/Prefabs/Plants/Grass3.prefab	cf89ccd0f5ca4dadbdc451357746503a
Assets/MapGenerator/Presets/Biomes/Forest.asset	Assets/PersonalAssets/moorestech-client-private/BK/PureNature_Redwood/Prefabs/Plants/GrassMoss.prefab	aece0672271445bc93dcd309a2faa280
Assets/MapGenerator/Presets/Biomes/Forest.asset	Assets/PersonalAssets/moorestech-client-private/BK/PureNature_Redwood/Prefabs/Plants/Magnus_1.prefab	8613f40ba16045c9940e52bacb03c9d4
Assets/MapGenerator/Presets/Biomes/Forest.asset	Assets/PersonalAssets/moorestech-client-private/BK/PureNature_Redwood/Prefabs/Plants/Magnus_2.prefab	2a3f2b8eef334207b223d8779f3553b3
Assets/MapGenerator/Presets/Biomes/Forest.asset	Assets/PersonalAssets/moorestech-client-private/BK/PureNature_Redwood/Prefabs/Plants/ThinFern1.prefab	eeaed7e7a1c243b0812121d210825e00
Assets/MapGenerator/Presets/Biomes/Forest.asset	Assets/PersonalAssets/moorestech-client-private/BK/PureNature_Redwood/Prefabs/Plants/ThinFern3.prefab	6f2aa6da704d4747987b673919fb7ce6
Assets/MapGenerator/Presets/Biomes/Forest.asset	Assets/PersonalAssets/moorestech-client-private/BK/PureNature_Redwood/Prefabs/Plants/ThinFern5.prefab	fb47f7435f49447a8d89140b8b945628
Assets/MapGenerator/Presets/Biomes/Forest.asset	Assets/PersonalAssets/moorestech-client-private/BK/PureNature_Redwood/Prefabs/Rocks/BigBoulders_0.prefab	6fa5497cc8b84fdd9a19dda98de77447
Assets/MapGenerator/Presets/Biomes/Forest.asset	Assets/PersonalAssets/moorestech-client-private/BK/PureNature_Redwood/Prefabs/Rocks/BigBoulders_1.prefab	4609cb9312f7446386736f40f5e4064b
Assets/MapGenerator/Presets/Biomes/Forest.asset	Assets/PersonalAssets/moorestech-client-private/BK/PureNature_Redwood/Prefabs/Rocks/BigBoulders_2.prefab	901438cd169b4660a417a4c0e39fffc9
Assets/MapGenerator/Presets/Biomes/Forest.asset	Assets/PersonalAssets/moorestech-client-private/BK/PureNature_Redwood/Prefabs/Rocks/BigBoulders_3.prefab	518d2c4f4e304b0d93efda4c2c75c663
Assets/MapGenerator/Presets/Biomes/Forest.asset	Assets/PersonalAssets/moorestech-client-private/BK/PureNature_Redwood/Prefabs/Rocks/BigBoulders_4.prefab	6d9904ff27214dfb8218db36a6c4a2d1
Assets/MapGenerator/Presets/Biomes/Forest.asset	Assets/PersonalAssets/moorestech-client-private/BK/PureNature_Redwood/Prefabs/Rocks/BigBoulders_5.prefab	3e03d16d2b3b44419e9d590aa3c60c9c
Assets/MapGenerator/Presets/Biomes/Forest.asset	Assets/PersonalAssets/moorestech-client-private/BK/PureNature_Redwood/Prefabs/Rocks/Boulder_0.prefab	dcd42e926c3748c69a5eab6105e85a7e
Assets/MapGenerator/Presets/Biomes/Forest.asset	Assets/PersonalAssets/moorestech-client-private/BK/PureNature_Redwood/Prefabs/Rocks/Boulder_1.prefab	5ee41753bf0e45fdbda6885263a91206
Assets/MapGenerator/Presets/Biomes/Forest.asset	Assets/PersonalAssets/moorestech-client-private/BK/PureNature_Redwood/Prefabs/Rocks/Boulder_2.prefab	4e85498acd794504b988d57abe3e3716
Assets/MapGenerator/Presets/Biomes/Forest.asset	Assets/PersonalAssets/moorestech-client-private/BK/PureNature_Redwood/Prefabs/Rocks/Boulder_3.prefab	241c9a002b454c87850c1f209cd86136
Assets/MapGenerator/Presets/Biomes/Forest.asset	Assets/PersonalAssets/moorestech-client-private/BK/PureNature_Redwood/Prefabs/Rocks/Boulder_4.prefab	669cfb59d6dd489f80841d3679997704
Assets/MapGenerator/Presets/Biomes/Forest.asset	Assets/PersonalAssets/moorestech-client-private/BK/PureNature_Redwood/Prefabs/Rocks/Boulder_5.prefab	04e47ced89434d0f99374252ca3d872e
Assets/MapGenerator/Presets/Biomes/Forest.asset	Assets/PersonalAssets/moorestech-client-private/BK/PureNature_Redwood/Prefabs/Trees/RedFir1.prefab	0311c0ab0a3b46c09db5dba476474306
Assets/MapGenerator/Presets/Biomes/Forest.asset	Assets/PersonalAssets/moorestech-client-private/BK/PureNature_Redwood/Prefabs/Trees/RedFir2.prefab	420af6d3889345d6bbabac6961bf067e
Assets/MapGenerator/Presets/Biomes/Forest.asset	Assets/PersonalAssets/moorestech-client-private/BK/PureNature_Redwood/Prefabs/Trees/RedFir3.prefab	03c14b19901a470888f78e2cbad44753
Assets/MapGenerator/Presets/Biomes/Forest.asset	Assets/PersonalAssets/moorestech-client-private/BK/PureNature_Redwood/Prefabs/Trees/RedFir4.prefab	8031b0d0b5a94836ab8afc41c2792012
Assets/MapGenerator/Presets/Biomes/Forest.asset	Assets/PersonalAssets/moorestech-client-private/BK/PureNature_Redwood/Prefabs/Trees/RedFir5.prefab	e65ea4d5fe8f49f787ca02becc4aca5f
Assets/MapGenerator/Presets/Biomes/Forest.asset	Assets/PersonalAssets/moorestech-client-private/BK/PureNature_Redwood/Prefabs/Trees/RedFir6.prefab	20410a3ee2854b278f9eebc5f5395ddb
Assets/MapGenerator/Presets/Biomes/Forest.asset	Assets/PersonalAssets/moorestech-client-private/BK/PureNature_Redwood/Prefabs/Trees/RedFir7.prefab	1c18353cd56043d88ddad1eea5c843f2
Assets/MapGenerator/Presets/Biomes/Forest.asset	Assets/PersonalAssets/moorestech-client-private/BK/PureNature_Redwood/Prefabs/Trees/RedFir8.prefab	6243f6e9517845079900fbbbe6a08a04
Assets/MapGenerator/Presets/Biomes/Forest.asset	Assets/PersonalAssets/moorestech-client-private/BK/PureNature_Redwood/Prefabs/Trees/RedPine1.prefab	31afcbe9536f46c2a3d7f8263bd05141
Assets/MapGenerator/Presets/Biomes/Forest.asset	Assets/PersonalAssets/moorestech-client-private/BK/PureNature_Redwood/Prefabs/Trees/RedPine2.prefab	30ed8e21dd654d42836390858add0bcf
Assets/MapGenerator/Presets/Biomes/Forest.asset	Assets/PersonalAssets/moorestech-client-private/BK/PureNature_Redwood/Prefabs/Trees/RedPine3.prefab	cf9d27aaf96145cdbcbf5e048862582d
Assets/MapGenerator/Presets/Biomes/Forest.asset	Assets/PersonalAssets/moorestech-client-private/BK/PureNature_Redwood/Prefabs/Trees/RedPine4.prefab	675663b655904c1f908f3b306fc424df
Assets/MapGenerator/Presets/Biomes/Forest.asset	Assets/PersonalAssets/moorestech-client-private/BK/PureNature_Redwood/Prefabs/Trees/RedPine5.prefab	3f15b9ee9e6740eaa81316c465799987
Assets/MapGenerator/Presets/Biomes/Forest.asset	Assets/PersonalAssets/moorestech-client-private/BK/PureNature_Redwood/Prefabs/Trees/Sequoia1.prefab	5c2eedfad3714713a7c5eba9c23e08b2
Assets/MapGenerator/Presets/Biomes/Forest.asset	Assets/PersonalAssets/moorestech-client-private/BK/PureNature_Redwood/Prefabs/Trees/Sequoia2.prefab	19b5aefa1f5844c7ae427016f3e04176
Assets/MapGenerator/Presets/Biomes/Forest.asset	Assets/PersonalAssets/moorestech-client-private/BK/PureNature_Redwood/Prefabs/Trees/Sequoia3.prefab	57d301a25c6849a0bb97304496faabf9
Assets/MapGenerator/Presets/Biomes/Forest.asset	Assets/PersonalAssets/moorestech-client-private/BK/PureNature_Redwood/Prefabs/Trees/Sequoia4.prefab	d0078cd4348645f6a4028eac822844ed
Assets/MapGenerator/Presets/Biomes/Forest.asset	Assets/PersonalAssets/moorestech-client-private/BK/PureNature_Redwood/Prefabs/Trees/Sequoia5.prefab	11f3b954598847588865039802023496
Assets/MapGenerator/Presets/Biomes/Forest.asset	Assets/PersonalAssets/moorestech-client-private/BK/PureNature_Redwood/Textures/Surfaces/TerrainLayers/GrassMud.terrainlayer	1ea2fa3d8ebd4e059d602c7a6f1a4862
Assets/MapGenerator/Presets/Biomes/Forest.asset	Assets/PersonalAssets/moorestech-client-private/BK/PureNature_Redwood/Textures/Surfaces/TerrainLayers/GrassPine.terrainlayer	373390ecf559427aa28b5f302dbab436
Assets/MapGenerator/Presets/Biomes/Forest.asset	Assets/PersonalAssets/moorestech-client-private/BK/PureNature_Redwood/Textures/Surfaces/TerrainLayers/Mud_darker.terrainlayer	146004a8380d49658ddbb81f7f28bc8a
Assets/MapGenerator/Presets/Biomes/Forest.asset	Assets/PersonalAssets/moorestech-client-private/BK/PureNature_Redwood/Textures/Surfaces/TerrainLayers/SoilPine.terrainlayer	aed772416a8a45cd8f401b97a5d298c6
Assets/MapGenerator/Presets/Biomes/Grassland.asset	Assets/PersonalAssets/moorestech-client-private/BK/PureNature_Mountains/Prefabs/Plants/Daisy.prefab	7a40c24b3c5b48ab8ee9e7d67b747597
Assets/MapGenerator/Presets/Biomes/Grassland.asset	Assets/PersonalAssets/moorestech-client-private/BK/PureNature_Mountains/Prefabs/Plants/DaisyBlue.prefab	6be23e49aaa24b6790342a417ccdc1c3
Assets/MapGenerator/Presets/Biomes/Grassland.asset	Assets/PersonalAssets/moorestech-client-private/BK/PureNature_Mountains/Prefabs/Plants/Fern1.prefab	056c9f2da7a146f9b86bc9a96fdf97d6
Assets/MapGenerator/Presets/Biomes/Grassland.asset	Assets/PersonalAssets/moorestech-client-private/BK/PureNature_Mountains/Prefabs/Plants/Grass1.prefab	50bb62a3499445c5bec44055ad1a377b
Assets/MapGenerator/Presets/Biomes/Grassland.asset	Assets/PersonalAssets/moorestech-client-private/BK/PureNature_Mountains/Prefabs/Plants/Grass2.prefab	e8dae1bf05b741199e8b5730422e0e8d
Assets/MapGenerator/Presets/Biomes/Grassland.asset	Assets/PersonalAssets/moorestech-client-private/BK/PureNature_Mountains/Prefabs/Plants/Grass3.prefab	0c645e7c523842a59407d3b3cf5153cd
Assets/MapGenerator/Presets/Biomes/Grassland.asset	Assets/PersonalAssets/moorestech-client-private/BK/PureNature_Mountains/Prefabs/Plants/Grass4.prefab	2ac93691526946f38d7a2e91846d5854
Assets/MapGenerator/Presets/Biomes/Grassland.asset	Assets/PersonalAssets/moorestech-client-private/BK/PureNature_Mountains/Prefabs/Plants/Lupin1.prefab	61b8d774a6c74cc381927a342e37b411
Assets/MapGenerator/Presets/Biomes/Grassland.asset	Assets/PersonalAssets/moorestech-client-private/BK/PureNature_Mountains/Prefabs/Rocks/Boulder1.prefab	997fd72ef86f4d53968ef129f0f3bd05
Assets/MapGenerator/Presets/Biomes/Grassland.asset	Assets/PersonalAssets/moorestech-client-private/BK/PureNature_Mountains/Prefabs/Rocks/Boulder2.prefab	93ed2c3075cd45d39e026e63048367f3
Assets/MapGenerator/Presets/Biomes/Grassland.asset	Assets/PersonalAssets/moorestech-client-private/BK/PureNature_Mountains/Prefabs/Rocks/Boulder3.prefab	502f8b4852774d109a9d748184d8c9b8
Assets/MapGenerator/Presets/Biomes/Grassland.asset	Assets/PersonalAssets/moorestech-client-private/BK/PureNature_Mountains/Prefabs/Rocks/Pebble1.prefab	1530e4cc26b64235815a1428a0b62e8f
Assets/MapGenerator/Presets/Biomes/Grassland.asset	Assets/PersonalAssets/moorestech-client-private/BK/PureNature_Mountains/Prefabs/Rocks/Pebble2.prefab	b9445747f3604a039c56c641a69bcec4
Assets/MapGenerator/Presets/Biomes/Grassland.asset	Assets/PersonalAssets/moorestech-client-private/BK/PureNature_Mountains/Prefabs/Rocks/Pebble3.prefab	4451a990c91b4e808c730cc4944dccff
Assets/MapGenerator/Presets/Biomes/Grassland.asset	Assets/PersonalAssets/moorestech-client-private/BK/PureNature_Mountains/Prefabs/Rocks/Stone1.prefab	39b9ecead9f4489e8adcb07befbbc15e
Assets/MapGenerator/Presets/Biomes/Grassland.asset	Assets/PersonalAssets/moorestech-client-private/BK/PureNature_Mountains/Prefabs/Rocks/Stone1b.prefab	8baeb46b19f84b77a2e86dca4ac00b4d
Assets/MapGenerator/Presets/Biomes/Grassland.asset	Assets/PersonalAssets/moorestech-client-private/BK/PureNature_Mountains/Prefabs/Rocks/Stone2.prefab	1eeca230bc7c4e7a9013b99048dc11a9
Assets/MapGenerator/Presets/Biomes/Grassland.asset	Assets/PersonalAssets/moorestech-client-private/BK/PureNature_Mountains/Prefabs/Rocks/Stone2b.prefab	4ad74d1ffebf4fb5aa4e2205d4a3c3d1
Assets/MapGenerator/Presets/Biomes/Grassland.asset	Assets/PersonalAssets/moorestech-client-private/BK/PureNature_Mountains/Prefabs/Rocks/Stone3.prefab	0a4f35e3030c41c2b05b1849fef1c16b
Assets/MapGenerator/Presets/Biomes/Grassland.asset	Assets/PersonalAssets/moorestech-client-private/BK/PureNature_Mountains/Prefabs/Rocks/Stone3b.prefab	5d2925befe2744a38ccf05441c766f0e
Assets/MapGenerator/Presets/Biomes/Grassland.asset	Assets/PersonalAssets/moorestech-client-private/BK/PureNature_Mountains/Prefabs/Rocks/Stone4.prefab	22b7b8b97646455dac65e216b0f51b8a
Assets/MapGenerator/Presets/Biomes/Grassland.asset	Assets/PersonalAssets/moorestech-client-private/BK/PureNature_Mountains/Prefabs/Rocks/Stone4b.prefab	fd99a1ccd6f24462a46af1637a7dc306
Assets/MapGenerator/Presets/Biomes/Grassland.asset	Assets/PersonalAssets/moorestech-client-private/BK/PureNature_Mountains/Prefabs/Rocks/Stone5.prefab	268bfe55f1924a86801a3aea4ef68e71
Assets/MapGenerator/Presets/Biomes/Grassland.asset	Assets/PersonalAssets/moorestech-client-private/BK/PureNature_Mountains/Prefabs/Trees/Bush1.prefab	b103e8d3d95f4d52b0ae57658b63ee81
Assets/MapGenerator/Presets/Biomes/Grassland.asset	Assets/PersonalAssets/moorestech-client-private/BK/PureNature_Mountains/Prefabs/Trees/Bush3.prefab	364dda01b5294d9394d2ad0f863b8123
Assets/MapGenerator/Presets/Biomes/Grassland.asset	Assets/PersonalAssets/moorestech-client-private/BK/PureNature_Mountains/Prefabs/Trees/Fir1.prefab	02d545911bac4e76b93ea6620f011336
Assets/MapGenerator/Presets/Biomes/Grassland.asset	Assets/PersonalAssets/moorestech-client-private/BK/PureNature_Mountains/Prefabs/Trees/Fir3.prefab	a3660427351b40819347e3ee8d0d01c9
Assets/MapGenerator/Presets/Biomes/Grassland.asset	Assets/PersonalAssets/moorestech-client-private/BK/PureNature_Mountains/Prefabs/Trees/Fir5.prefab	fcec60d44d8146b6a70249b18b8f13c6
Assets/MapGenerator/Presets/Biomes/Grassland.asset	Assets/PersonalAssets/moorestech-client-private/BK/PureNature_Mountains/Prefabs/Trees/Pine1.prefab	71a13115ba1445aabb87625c4feaba61
Assets/MapGenerator/Presets/Biomes/Grassland.asset	Assets/PersonalAssets/moorestech-client-private/BK/PureNature_Mountains/Prefabs/Trees/Pine3.prefab	75e484ef07a94b5ca3f50a2e3fd11d04
Assets/MapGenerator/Presets/Biomes/Grassland.asset	Assets/PersonalAssets/moorestech-client-private/BK/PureNature_Mountains/Prefabs/Trees/Spruce1.prefab	f0918de67dd64cfe9c14a1019aa25415
Assets/MapGenerator/Presets/Biomes/Grassland.asset	Assets/PersonalAssets/moorestech-client-private/BK/PureNature_Mountains/Prefabs/Trees/Spruce4.prefab	fb696cc4775540dab1ed0cd41ba71add
Assets/MapGenerator/Presets/Biomes/Grassland.asset	Assets/PersonalAssets/moorestech-client-private/BK/PureNature_Mountains/Textures/Surfaces/Layers/Grass01.terrainlayer	a0e805ac5eaf445d82724854147ac57c
Assets/MapGenerator/Presets/Biomes/Grassland.asset	Assets/PersonalAssets/moorestech-client-private/BK/PureNature_Mountains/Textures/Surfaces/Layers/Gravel1.terrainlayer	2dc01f3dbcdf4fa6bd0f56c4bd0cd11e
Assets/MapGenerator/Presets/Biomes/Grassland.asset	Assets/PersonalAssets/moorestech-client-private/BK/PureNature_Mountains/Textures/Surfaces/Layers/Gravel2.terrainlayer	a14e63f3b1b24e4ba5dfea57115aade0
Assets/MapGenerator/Presets/Biomes/Grassland.asset	Assets/PersonalAssets/moorestech-client-private/BK/PureNature_Mountains/Textures/Surfaces/Layers/Mud01.terrainlayer	ddf77e789f8a4bed88ec1c15e53ce7c7
Assets/MapGenerator/Presets/Biomes/Grassland.asset	Assets/PersonalAssets/moorestech-client-private/BK/PureNature_Mountains/Textures/Surfaces/Layers/Mud02.terrainlayer	a1964bdaab934f4fba9e626437cec600
Assets/MapGenerator/Presets/Biomes/Jungle.asset	Assets/PersonalAssets/moorestech-client-private/BK/PureNature_Jungle/Prefabs/Trees/Banana1.prefab	6c9a1eb172884d389ebfed833265b4fa
Assets/MapGenerator/Presets/Biomes/Jungle.asset	Assets/PersonalAssets/moorestech-client-private/BK/PureNature_Jungle/Prefabs/Trees/Banana2.prefab	0062ca68a1ca4469acc93231d3c8a6f5
Assets/MapGenerator/Presets/Biomes/Jungle.asset	Assets/PersonalAssets/moorestech-client-private/BK/PureNature_Jungle/Prefabs/Trees/Kapokier1.prefab	1fe4a808e46a431aa663a25656646a30
Assets/MapGenerator/Presets/Biomes/Jungle.asset	Assets/PersonalAssets/moorestech-client-private/BK/PureNature_Jungle/Prefabs/Trees/Kapokier2.prefab	84421865513a457dafac20dd09c7e740
Assets/MapGenerator/Presets/Biomes/Jungle.asset	Assets/PersonalAssets/moorestech-client-private/BK/PureNature_Jungle/Prefabs/Trees/Musa1.prefab	ffb0fa16cd0f4534b9cc7d96cb7d386b
Assets/MapGenerator/Presets/Biomes/Jungle.asset	Assets/PersonalAssets/moorestech-client-private/BK/PureNature_Jungle/Prefabs/Trees/Tropica1.prefab	e98933621f3d420ca29e5b63e66e8c27
Assets/MapGenerator/Presets/Biomes/Jungle.asset	Assets/PersonalAssets/moorestech-client-private/BK/PureNature_Jungle/Prefabs/Trees/Tropica2.prefab	c546384177f6450ca5b1d6b129370d76
Assets/MapGenerator/Presets/Biomes/Jungle.asset	Assets/PersonalAssets/moorestech-client-private/BK/PureNature_Jungle/Textures/Surfaces/TerrainLayers/Moss.terrainlayer	7b131278cf2a4841b4d2fd723f3502a5
Assets/MapGenerator/Presets/Biomes/Mesa.asset	Assets/PersonalAssets/moorestech-client-private/BK/PureNature_MesaDesert/Prefabs/Plants/Brittlebush_1.prefab	98d8513cf3fc4b599207fdab276c3b12
Assets/MapGenerator/Presets/Biomes/Mesa.asset	Assets/PersonalAssets/moorestech-client-private/BK/PureNature_MesaDesert/Prefabs/Plants/Brittlebush_2.prefab	83cb3c417ff9432a881a8d0872697bd8
Assets/MapGenerator/Presets/Biomes/Mesa.asset	Assets/PersonalAssets/moorestech-client-private/BK/PureNature_MesaDesert/Prefabs/Plants/Brittlebush_3.prefab	fe8739e2704d498d83eb36edb2851f92
Assets/MapGenerator/Presets/Biomes/Mesa.asset	Assets/PersonalAssets/moorestech-client-private/BK/PureNature_MesaDesert/Prefabs/Plants/Brittlebush_4.prefab	99359e2190b64517b164c68da2333203
Assets/MapGenerator/Presets/Biomes/Mesa.asset	Assets/PersonalAssets/moorestech-client-private/BK/PureNature_MesaDesert/Prefabs/Plants/DryGrass1.prefab	049b15d0af004c4983b40cd58cd4c29f
Assets/MapGenerator/Presets/Biomes/Mesa.asset	Assets/PersonalAssets/moorestech-client-private/BK/PureNature_MesaDesert/Prefabs/Plants/DryGrass2.prefab	e366a239a99345d6b427a1447cbc8db8
Assets/MapGenerator/Presets/Biomes/Mesa.asset	Assets/PersonalAssets/moorestech-client-private/BK/PureNature_MesaDesert/Prefabs/Plants/DryGrass3.prefab	c536b97c88a14856bfa4fe8c32d97fc7
Assets/MapGenerator/Presets/Biomes/Mesa.asset	Assets/PersonalAssets/moorestech-client-private/BK/PureNature_MesaDesert/Prefabs/Plants/DryGrass4.prefab	6b6fb14176d74fef92b69d68ca0c3fbe
Assets/MapGenerator/Presets/Biomes/Mesa.asset	Assets/PersonalAssets/moorestech-client-private/BK/PureNature_MesaDesert/Prefabs/Plants/Peanut1.prefab	de38b4c7c3664a38a4afec257c7f043d
Assets/MapGenerator/Presets/Biomes/Mesa.asset	Assets/PersonalAssets/moorestech-client-private/BK/PureNature_MesaDesert/Prefabs/Plants/Peanut2.prefab	ccfb06a25a274d49ac71567285e15514
Assets/MapGenerator/Presets/Biomes/Mesa.asset	Assets/PersonalAssets/moorestech-client-private/BK/PureNature_MesaDesert/Prefabs/Plants/Peanut3.prefab	89d3c26ea05b4a63aadc626d377c7561
Assets/MapGenerator/Presets/Biomes/Mesa.asset	Assets/PersonalAssets/moorestech-client-private/BK/PureNature_MesaDesert/Prefabs/Plants/WildflowersYellow1.prefab	dedd5a53acbc486a8edcbc6f34a8d28f
Assets/MapGenerator/Presets/Biomes/Mesa.asset	Assets/PersonalAssets/moorestech-client-private/BK/PureNature_MesaDesert/Prefabs/Plants/WildflowersYellow2.prefab	d98d297ee64c4343bc29631637252ad1
Assets/MapGenerator/Presets/Biomes/Mesa.asset	Assets/PersonalAssets/moorestech-client-private/BK/PureNature_MesaDesert/Prefabs/Plants/WildflowersYellow3.prefab	20816c3f6f23452694dc8dbd0daff981
Assets/MapGenerator/Presets/Biomes/Mesa.asset	Assets/PersonalAssets/moorestech-client-private/BK/PureNature_MesaDesert/Prefabs/Plants/WildflowersYellow4.prefab	4fe2de63e9d84828b641931dca3e61bb
Assets/MapGenerator/Presets/Biomes/Mesa.asset	Assets/PersonalAssets/moorestech-client-private/BK/PureNature_MesaDesert/Prefabs/Props/CowSkull.prefab	c032d2fd9f7749d5ae06397ab7948937
Assets/MapGenerator/Presets/Biomes/Mesa.asset	Assets/PersonalAssets/moorestech-client-private/BK/PureNature_MesaDesert/Prefabs/Rocks/BigMesa_0.prefab	5c15f1474f9f4cd1bfd0f260a4da9ba9
Assets/MapGenerator/Presets/Biomes/Mesa.asset	Assets/PersonalAssets/moorestech-client-private/BK/PureNature_MesaDesert/Prefabs/Rocks/BigMesa_1.prefab	76f4d666b1df466db079133c9160805c
Assets/MapGenerator/Presets/Biomes/Mesa.asset	Assets/PersonalAssets/moorestech-client-private/BK/PureNature_MesaDesert/Prefabs/Rocks/BigMesa_2.prefab	4f32b576b915470e92d65ae46e8de6a0
Assets/MapGenerator/Presets/Biomes/Mesa.asset	Assets/PersonalAssets/moorestech-client-private/BK/PureNature_MesaDesert/Prefabs/Rocks/BigMesa_3.prefab	3ef262ab46f54e31886d059e143328c3
Assets/MapGenerator/Presets/Biomes/Mesa.asset	Assets/PersonalAssets/moorestech-client-private/BK/PureNature_MesaDesert/Prefabs/Rocks/BigMesa_4.prefab	05c23296ff3f474ba61bc2834243fa59
Assets/MapGenerator/Presets/Biomes/Mesa.asset	Assets/PersonalAssets/moorestech-client-private/BK/PureNature_MesaDesert/Prefabs/Rocks/BigMesa_5.prefab	da2296f2ea9a40d9bbb0fd57cd821c21
Assets/MapGenerator/Presets/Biomes/Mesa.asset	Assets/PersonalAssets/moorestech-client-private/BK/PureNature_MesaDesert/Prefabs/Rocks/Boulders_0.prefab	9bb6d31734594fd1894fcb5f4491af91
Assets/MapGenerator/Presets/Biomes/Mesa.asset	Assets/PersonalAssets/moorestech-client-private/BK/PureNature_MesaDesert/Prefabs/Rocks/Boulders_1.prefab	a41653975b7440bd9e47b8f8a51f5afd
Assets/MapGenerator/Presets/Biomes/Mesa.asset	Assets/PersonalAssets/moorestech-client-private/BK/PureNature_MesaDesert/Prefabs/Rocks/Boulders_2.prefab	d969e63d90c44190b0860a718b495c50
Assets/MapGenerator/Presets/Biomes/Mesa.asset	Assets/PersonalAssets/moorestech-client-private/BK/PureNature_MesaDesert/Prefabs/Rocks/Boulders_3.prefab	acb39a0c504447bbb25475c0b6c2651f
Assets/MapGenerator/Presets/Biomes/Mesa.asset	Assets/PersonalAssets/moorestech-client-private/BK/PureNature_MesaDesert/Prefabs/Rocks/Boulders_4.prefab	8291ce25404a44089300bf11d5e223d5
Assets/MapGenerator/Presets/Biomes/Mesa.asset	Assets/PersonalAssets/moorestech-client-private/BK/PureNature_MesaDesert/Prefabs/Rocks/Boulders_5.prefab	87812b2935f342fb99a0f71b9e51e6e2
Assets/MapGenerator/Presets/Biomes/Mesa.asset	Assets/PersonalAssets/moorestech-client-private/BK/PureNature_MesaDesert/Prefabs/Rocks/RubbleDense_1.prefab	1ad2dae3f0724f93810097d49f7c99b5
Assets/MapGenerator/Presets/Biomes/Mesa.asset	Assets/PersonalAssets/moorestech-client-private/BK/PureNature_MesaDesert/Prefabs/Rocks/RubbleDense_2.prefab	0d75acab84264e798532b33ee0a54722
Assets/MapGenerator/Presets/Biomes/Mesa.asset	Assets/PersonalAssets/moorestech-client-private/BK/PureNature_MesaDesert/Prefabs/Rocks/RubbleDense_3.prefab	deefacc241c2404bb39a606c84ea8298
Assets/MapGenerator/Presets/Biomes/Mesa.asset	Assets/PersonalAssets/moorestech-client-private/BK/PureNature_MesaDesert/Prefabs/Rocks/RubbleSparse_1.prefab	e0c7015ec24d4f4b93eff1e47ce91468
Assets/MapGenerator/Presets/Biomes/Mesa.asset	Assets/PersonalAssets/moorestech-client-private/BK/PureNature_MesaDesert/Prefabs/Rocks/RubbleSparse_2.prefab	27bb68f91d9f4e9ebaac23aae9f25171
Assets/MapGenerator/Presets/Biomes/Mesa.asset	Assets/PersonalAssets/moorestech-client-private/BK/PureNature_MesaDesert/Prefabs/Rocks/RubbleSparse_3.prefab	382ba92a54924694b93a9f4609ce98af
Assets/MapGenerator/Presets/Biomes/Mesa.asset	Assets/PersonalAssets/moorestech-client-private/BK/PureNature_MesaDesert/Prefabs/Rocks/Strate_0.prefab	1cce6ce183eb4340b496e8f70a43a3ae
Assets/MapGenerator/Presets/Biomes/Mesa.asset	Assets/PersonalAssets/moorestech-client-private/BK/PureNature_MesaDesert/Prefabs/Rocks/Strate_1.prefab	cc27bddb82124ee783a76aacfdbe6f07
Assets/MapGenerator/Presets/Biomes/Mesa.asset	Assets/PersonalAssets/moorestech-client-private/BK/PureNature_MesaDesert/Prefabs/Rocks/Strate_2.prefab	05fbefd7f3c2429ea589e20f68e67197
Assets/MapGenerator/Presets/Biomes/Mesa.asset	Assets/PersonalAssets/moorestech-client-private/BK/PureNature_MesaDesert/Prefabs/Rocks/Strate_3.prefab	477fdc018a4f4061953894da442dc1a8
Assets/MapGenerator/Presets/Biomes/Mesa.asset	Assets/PersonalAssets/moorestech-client-private/BK/PureNature_MesaDesert/Prefabs/Rocks/Strate_4.prefab	7abe288657f545b0bc248d4874990519
Assets/MapGenerator/Presets/Biomes/Mesa.asset	Assets/PersonalAssets/moorestech-client-private/BK/PureNature_MesaDesert/Prefabs/Rocks/Strate_5.prefab	ad2d5c10266a472582aa387f1eaa6766
Assets/MapGenerator/Presets/Biomes/Mesa.asset	Assets/PersonalAssets/moorestech-client-private/BK/PureNature_MesaDesert/Prefabs/Rocks/StrateCliff_0.prefab	8a1a498946464a63acc31247b089f6fa
Assets/MapGenerator/Presets/Biomes/Mesa.asset	Assets/PersonalAssets/moorestech-client-private/BK/PureNature_MesaDesert/Prefabs/Rocks/StrateCliff_1.prefab	b47b6e0caa5040c6a729dbb0f7665c3c
Assets/MapGenerator/Presets/Biomes/Mesa.asset	Assets/PersonalAssets/moorestech-client-private/BK/PureNature_MesaDesert/Prefabs/Rocks/StrateCliff_2.prefab	4a1542c6c1774f7582335781c8f4c836
Assets/MapGenerator/Presets/Biomes/Mesa.asset	Assets/PersonalAssets/moorestech-client-private/BK/PureNature_MesaDesert/Prefabs/Rocks/StratMesaSharp_0.prefab	e881b80170174f448bab6e8c28c888d9
Assets/MapGenerator/Presets/Biomes/Mesa.asset	Assets/PersonalAssets/moorestech-client-private/BK/PureNature_MesaDesert/Prefabs/Rocks/StratMesaSharp_1.prefab	29a5acca975f46afbbca66fda61a7d75
Assets/MapGenerator/Presets/Biomes/Mesa.asset	Assets/PersonalAssets/moorestech-client-private/BK/PureNature_MesaDesert/Prefabs/Rocks/StratMesaSharp_2.prefab	cc17a2cb49f8469fb8a0529816112292
Assets/MapGenerator/Presets/Biomes/Mesa.asset	Assets/PersonalAssets/moorestech-client-private/BK/PureNature_MesaDesert/Prefabs/Rocks/StratMesaSharp_3.prefab	dcf3be14166f45c0801b6f14633d84ac
Assets/MapGenerator/Presets/Biomes/Mesa.asset	Assets/PersonalAssets/moorestech-client-private/BK/PureNature_MesaDesert/Prefabs/Rocks/StratMesaSharp_4.prefab	e948f463467e4df79d8863bfcde19806
Assets/MapGenerator/Presets/Biomes/Mesa.asset	Assets/PersonalAssets/moorestech-client-private/BK/PureNature_MesaDesert/Prefabs/Rocks/ThinMesa_0.prefab	99821a44784f4f3d9b56033ec4b82a11
Assets/MapGenerator/Presets/Biomes/Mesa.asset	Assets/PersonalAssets/moorestech-client-private/BK/PureNature_MesaDesert/Prefabs/Rocks/ThinMesa_1.prefab	94cce27468164109a31909c943e9aa53
Assets/MapGenerator/Presets/Biomes/Mesa.asset	Assets/PersonalAssets/moorestech-client-private/BK/PureNature_MesaDesert/Prefabs/Rocks/ThinMesa_2.prefab	6ea42058eeda4f9aa79716e3a78c6fc8
Assets/MapGenerator/Presets/Biomes/Mesa.asset	Assets/PersonalAssets/moorestech-client-private/BK/PureNature_MesaDesert/Prefabs/Rocks/ThinMesa_3.prefab	9b00301e0f11461288e9d89eb6251096
Assets/MapGenerator/Presets/Biomes/Mesa.asset	Assets/PersonalAssets/moorestech-client-private/BK/PureNature_MesaDesert/Prefabs/Rocks/ThinMesa_4.prefab	a04f2e08ee7a4d33acd918dc7e20ec76
Assets/MapGenerator/Presets/Biomes/Mesa.asset	Assets/PersonalAssets/moorestech-client-private/BK/PureNature_MesaDesert/Prefabs/Rocks/ThinMesa_5.prefab	dfe6f739cbfa48c58235c1bd279abb71
Assets/MapGenerator/Presets/Biomes/Mesa.asset	Assets/PersonalAssets/moorestech-client-private/BK/PureNature_MesaDesert/Prefabs/Trees/Cacactus1.prefab	a5af5400ddd3486e966279fc40b8515f
Assets/MapGenerator/Presets/Biomes/Mesa.asset	Assets/PersonalAssets/moorestech-client-private/BK/PureNature_MesaDesert/Prefabs/Trees/Cacactus2.prefab	68228e7f9a8c4139bc2a190ea6b15082
Assets/MapGenerator/Presets/Biomes/Mesa.asset	Assets/PersonalAssets/moorestech-client-private/BK/PureNature_MesaDesert/Prefabs/Trees/Cacactus3.prefab	762ead08976e4c60a70a0ae75e5101ed
Assets/MapGenerator/Presets/Biomes/Mesa.asset	Assets/PersonalAssets/moorestech-client-private/BK/PureNature_MesaDesert/Prefabs/Trees/Cacactus4.prefab	2710d69ff17649c4a4bb85e9bc33592a
Assets/MapGenerator/Presets/Biomes/Mesa.asset	Assets/PersonalAssets/moorestech-client-private/BK/PureNature_MesaDesert/Prefabs/Trees/Grocactus1.prefab	01b03368c1934480b2b553348dc0ceaf
Assets/MapGenerator/Presets/Biomes/Mesa.asset	Assets/PersonalAssets/moorestech-client-private/BK/PureNature_MesaDesert/Prefabs/Trees/Grocactus2.prefab	95c347b8de7e4e3eb4aea14dd6508414
Assets/MapGenerator/Presets/Biomes/Mesa.asset	Assets/PersonalAssets/moorestech-client-private/BK/PureNature_MesaDesert/Prefabs/Trees/Grocactus3.prefab	108ad32e5bf54ce3ba41ff52ed49f838
Assets/MapGenerator/Presets/Biomes/Mesa.asset	Assets/PersonalAssets/moorestech-client-private/BK/PureNature_MesaDesert/Prefabs/Trees/Grocactus4.prefab	31a64cbae4e94ff28e41de9eb586feed
Assets/MapGenerator/Presets/Biomes/Mesa.asset	Assets/PersonalAssets/moorestech-client-private/BK/PureNature_MesaDesert/Prefabs/Trees/Grocactus5.prefab	c6e843c5787b442ca43b996a175c110c
Assets/MapGenerator/Presets/Biomes/Mesa.asset	Assets/PersonalAssets/moorestech-client-private/BK/PureNature_MesaDesert/Prefabs/Trees/Grocactus6.prefab	e54a4d15f35244dba9898a535074d407
Assets/MapGenerator/Presets/Biomes/Mesa.asset	Assets/PersonalAssets/moorestech-client-private/BK/PureNature_MesaDesert/Prefabs/Trees/Grocactus7.prefab	9007f2c7ed8845a4bc615d399d330840
Assets/MapGenerator/Presets/Biomes/Mesa.asset	Assets/PersonalAssets/moorestech-client-private/BK/PureNature_MesaDesert/Prefabs/Trees/Grocactus8.prefab	5d146b3974e54e4994f6067d96d9af8f
Assets/MapGenerator/Presets/Biomes/Mesa.asset	Assets/PersonalAssets/moorestech-client-private/BK/PureNature_MesaDesert/Prefabs/Trees/Opuntia1.prefab	70aa126de0774271902e13a4bbbcb49a
Assets/MapGenerator/Presets/Biomes/Mesa.asset	Assets/PersonalAssets/moorestech-client-private/BK/PureNature_MesaDesert/Prefabs/Trees/Opuntia2.prefab	0a1fadb22c664f9db6c4c9c19c1052b9
Assets/MapGenerator/Presets/Biomes/Mesa.asset	Assets/PersonalAssets/moorestech-client-private/BK/PureNature_MesaDesert/Prefabs/Trees/Opuntia3.prefab	5c152e808d594848965b38145b7855cc
Assets/MapGenerator/Presets/Biomes/Mesa.asset	Assets/PersonalAssets/moorestech-client-private/BK/PureNature_MesaDesert/Prefabs/Trees/Opuntia4.prefab	9afb59f936ae4033b79d75d54ee65dba
Assets/MapGenerator/Presets/Biomes/Mesa.asset	Assets/PersonalAssets/moorestech-client-private/BK/PureNature_MesaDesert/Prefabs/Trees/Saguaro1.prefab	ecc24efc2b7c48bdb9d8bd45c0dc1588
Assets/MapGenerator/Presets/Biomes/Mesa.asset	Assets/PersonalAssets/moorestech-client-private/BK/PureNature_MesaDesert/Prefabs/Trees/Saguaro2.prefab	d4fab9cfe1fc43e3b024f79b8f8cb549
Assets/MapGenerator/Presets/Biomes/Mesa.asset	Assets/PersonalAssets/moorestech-client-private/BK/PureNature_MesaDesert/Prefabs/Trees/Saguaro3.prefab	aedc90e6706942c2a1a65477043cd25b
Assets/MapGenerator/Presets/Biomes/Mesa.asset	Assets/PersonalAssets/moorestech-client-private/BK/PureNature_MesaDesert/Prefabs/Trees/Saguaro4.prefab	a218bdd2ae7d4fcfb7eb0cf779c359b7
Assets/MapGenerator/Presets/Biomes/Mesa.asset	Assets/PersonalAssets/moorestech-client-private/BK/PureNature_MesaDesert/Prefabs/Trees/Saguaro5.prefab	1d5e314fe20c4f5c8cef8014925edadd
Assets/MapGenerator/Presets/Biomes/Mesa.asset	Assets/PersonalAssets/moorestech-client-private/BK/PureNature_MesaDesert/Prefabs/Trees/Senita1.prefab	48b00c6a2ca54b4baad0e1ad6e09aa36
Assets/MapGenerator/Presets/Biomes/Mesa.asset	Assets/PersonalAssets/moorestech-client-private/BK/PureNature_MesaDesert/Prefabs/Trees/Senita2.prefab	a69a1a7bd1fa442a88949103d573e19f
Assets/MapGenerator/Presets/Biomes/Mesa.asset	Assets/PersonalAssets/moorestech-client-private/BK/PureNature_MesaDesert/Prefabs/Trees/Senita3.prefab	f4d38a4d61394913bba58efff1efbbd3
Assets/MapGenerator/Presets/Biomes/Mesa.asset	Assets/PersonalAssets/moorestech-client-private/BK/PureNature_MesaDesert/Prefabs/Trees/Senita4.prefab	67ed5ded13924f0fa9bba9a6a95cfd26
Assets/MapGenerator/Presets/Biomes/Mesa.asset	Assets/PersonalAssets/moorestech-client-private/BK/PureNature_MesaDesert/Prefabs/Trees/Senita5.prefab	b8dfc299e9d244259a10fd89c681a716
Assets/MapGenerator/Presets/Biomes/Mesa.asset	Assets/PersonalAssets/moorestech-client-private/BK/PureNature_MesaDesert/Prefabs/Trees/Senita6.prefab	083549b1ea294690a770da0ca4eda221
Assets/MapGenerator/Presets/Biomes/Mesa.asset	Assets/PersonalAssets/moorestech-client-private/BK/PureNature_MesaDesert/Prefabs/Trees/Senita7.prefab	6e8f38cae8b1443daa00fa32ac7faf16
Assets/MapGenerator/Presets/Biomes/Mesa.asset	Assets/PersonalAssets/moorestech-client-private/BK/PureNature_MesaDesert/Prefabs/Trees/Senita8.prefab	ab0bafed7d674ebca0da259b4b0df9d3
Assets/MapGenerator/Presets/Biomes/Mesa.asset	Assets/PersonalAssets/moorestech-client-private/BK/PureNature_MesaDesert/Textures/Surfaces/Layers/SandFine_gravel.terrainlayer	fdd6c98468d1462a8d336aae22e4cc89
Assets/MapGenerator/Presets/Biomes/Mesa.asset	Assets/PersonalAssets/moorestech-client-private/BK/PureNature_MesaDesert/Textures/Surfaces/Layers/SandFine_rubble.terrainlayer	a6db41f89c274de588cf67efd1b015c6
Assets/MapGenerator/Presets/Biomes/Mesa.asset	Assets/PersonalAssets/moorestech-client-private/BK/PureNature_MesaDesert/Textures/Surfaces/Layers/SandFine.terrainlayer	782c444c94fe43ee8e4e31e3d7fc7e20
Assets/MapGenerator/Presets/Biomes/Savanna.asset	Assets/PersonalAssets/moorestech-client-private/BK/PureNature_Mountains/Prefabs/Plants/Grass1.prefab	50bb62a3499445c5bec44055ad1a377b
Assets/MapGenerator/Presets/Biomes/Savanna.asset	Assets/PersonalAssets/moorestech-client-private/BK/PureNature_Savanna/Prefabs/Plants/SavannaGrass1_green.prefab	d815455da8ee44d4a3aa3913f41903de
Assets/MapGenerator/Presets/Biomes/Savanna.asset	Assets/PersonalAssets/moorestech-client-private/BK/PureNature_Savanna/Prefabs/Plants/SavannaGrass1.prefab	3d91fe5ab3ea459d99de18be39eccace
Assets/MapGenerator/Presets/Biomes/Savanna.asset	Assets/PersonalAssets/moorestech-client-private/BK/PureNature_Savanna/Prefabs/Plants/SavannaGrass2_green.prefab	3a37a614adc64b4991130292d2df84ba
Assets/MapGenerator/Presets/Biomes/Savanna.asset	Assets/PersonalAssets/moorestech-client-private/BK/PureNature_Savanna/Prefabs/Plants/TallGrassDry.prefab	12e3031d3808468694c86091f8ac98f5
Assets/MapGenerator/Presets/Biomes/Savanna.asset	Assets/PersonalAssets/moorestech-client-private/BK/PureNature_Savanna/Prefabs/Trees/Acacia1.prefab	b153b743398f43478620654abc08a2ab
Assets/MapGenerator/Presets/Biomes/Savanna.asset	Assets/PersonalAssets/moorestech-client-private/BK/PureNature_Savanna/Prefabs/Trees/Acacia2.prefab	5170f5d0335342a598eb069ce1acda2e
Assets/MapGenerator/Presets/Biomes/Savanna.asset	Assets/PersonalAssets/moorestech-client-private/BK/PureNature_Savanna/Prefabs/Trees/Acacia3.prefab	97410097c000449b9880248421004b33
Assets/MapGenerator/Presets/Biomes/Savanna.asset	Assets/PersonalAssets/moorestech-client-private/BK/PureNature_Savanna/Prefabs/Trees/Acacia4.prefab	a6302282f14d4042b3e429d3d92b51d1
Assets/MapGenerator/Presets/Biomes/Savanna.asset	Assets/PersonalAssets/moorestech-client-private/BK/PureNature_Savanna/Prefabs/Trees/Acacia5.prefab	010da76c64d24f739f08b90e2f32d610
Assets/MapGenerator/Presets/Biomes/Savanna.asset	Assets/PersonalAssets/moorestech-client-private/BK/PureNature_Savanna/Prefabs/Trees/Acacia6.prefab	b37dc20f6ce44ad6a9c9a28f01567aac
Assets/MapGenerator/Presets/Biomes/Savanna.asset	Assets/PersonalAssets/moorestech-client-private/BK/PureNature_Savanna/Prefabs/Trees/Acacia7.prefab	bd26aacfed664fe28c74aa844da3a833
Assets/MapGenerator/Presets/Biomes/Savanna.asset	Assets/PersonalAssets/moorestech-client-private/BK/PureNature_Savanna/Prefabs/Trees/Acacia8.prefab	75c95e3d44a44a829a1e1694f935a575
Assets/MapGenerator/Presets/Biomes/Savanna.asset	Assets/PersonalAssets/moorestech-client-private/BK/PureNature_Savanna/Prefabs/Trees/Baobab1.prefab	7be0c21edd994cd8abeea83c90b4d50c
Assets/MapGenerator/Presets/Biomes/Savanna.asset	Assets/PersonalAssets/moorestech-client-private/BK/PureNature_Savanna/Prefabs/Trees/Baobab2.prefab	f18c1c9cdfe640198b8ed1e9ebfbc5b3
Assets/MapGenerator/Presets/Biomes/Savanna.asset	Assets/PersonalAssets/moorestech-client-private/BK/PureNature_Savanna/Prefabs/Trees/Baobab3.prefab	6d05800f44be40caae56a6c3adef63de
Assets/MapGenerator/Presets/Biomes/Savanna.asset	Assets/PersonalAssets/moorestech-client-private/BK/PureNature_Savanna/Prefabs/Trees/Baobab4.prefab	2128583d2b4a4ffcbf1ccd9030b974fc
Assets/MapGenerator/Presets/Biomes/Savanna.asset	Assets/PersonalAssets/moorestech-client-private/BK/PureNature_Savanna/Prefabs/Trees/Baobab5.prefab	eea0f7aed7d64d61864fe43b14c9b31f
Assets/MapGenerator/Presets/Biomes/Savanna.asset	Assets/PersonalAssets/moorestech-client-private/BK/PureNature_Savanna/Prefabs/Trees/Baobab6.prefab	943c551f5ec44d6c9acd0cc937afcdc7
Assets/MapGenerator/Presets/Biomes/Savanna.asset	Assets/PersonalAssets/moorestech-client-private/BK/PureNature_Savanna/Prefabs/Trees/Baobab7.prefab	5dffccbf77134a77ab9bf4b2cf17fee2
Assets/MapGenerator/Presets/Biomes/Savanna.asset	Assets/PersonalAssets/moorestech-client-private/BK/PureNature_Savanna/Prefabs/Trees/Baobab8.prefab	71ea2536b0c14ca7a83365f267d8e0fc
Assets/MapGenerator/Presets/Biomes/Savanna.asset	Assets/PersonalAssets/moorestech-client-private/BK/PureNature_Savanna/Prefabs/Trees/Bush1.prefab	89514bac55c44267a89cc83379421d56
Assets/MapGenerator/Presets/Biomes/Savanna.asset	Assets/PersonalAssets/moorestech-client-private/BK/PureNature_Savanna/Prefabs/Trees/Bush2.prefab	de918523754041c3b93ab7d9e71f6f24
Assets/MapGenerator/Presets/Biomes/Savanna.asset	Assets/PersonalAssets/moorestech-client-private/BK/PureNature_Savanna/Prefabs/Trees/Bush3.prefab	c306aaaa08df4139b0b149e3f75d0561
Assets/MapGenerator/Presets/Biomes/Savanna.asset	Assets/PersonalAssets/moorestech-client-private/BK/PureNature_Savanna/Textures/Surfaces/Layers/GrassGreen.terrainlayer	790006da74584633a40af728520a4809
Assets/MapGenerator/Presets/Biomes/Savanna.asset	Assets/PersonalAssets/moorestech-client-private/BK/PureNature_Savanna/Textures/Surfaces/Layers/RedDirt_gravel.terrainlayer	be033c2879064b8880ae459781cf4538
Assets/MapGenerator/Presets/Biomes/Woods.asset	Assets/PersonalAssets/moorestech-client-private/BK/PureNature/Prefabs/Vegetation/Trees/BirchTree01.prefab	fbdf8cd6c19062b42b8cefa161a38c0a
Assets/MapGenerator/Presets/Biomes/Woods.asset	Assets/PersonalAssets/moorestech-client-private/BK/PureNature/Prefabs/Vegetation/Trees/BirchTree02.prefab	9780b9e80e69ce54f8afb874779a8943
Assets/MapGenerator/Presets/Biomes/Woods.asset	Assets/PersonalAssets/moorestech-client-private/BK/PureNature/Prefabs/Vegetation/Trees/PineTree01.prefab	53e4b7bd860b8fe44ac9f86cb03861d2
Assets/MapGenerator/Presets/Biomes/Woods.asset	Assets/PersonalAssets/moorestech-client-private/BK/PureNature/Prefabs/Vegetation/Trees/PineTree02.prefab	2e2392f0b4defbc4fbd0ab3b8ded54e5
Assets/MapGenerator/Presets/DefaultConfig.asset	Assets/PersonalAssets/moorestech-client-private/BK/PureNature_Islands/Textures/Surfaces/TerrainLayers/SandBeach.terrainlayer	76f8f662ff5244918cf18bb4325c4932
Assets/MapGenerator/Presets/DefaultConfig.asset	Assets/PersonalAssets/moorestech-client-private/BK/PureNature_Mountains/Textures/Surfaces/Layers/Gravel1.terrainlayer	2dc01f3dbcdf4fa6bd0f56c4bd0cd11e
